[{"model": "contenttypes.contenttype", "pk": 1, "fields": {"app_label": "admin", "model": "logentry"}}, {"model": "contenttypes.contenttype", "pk": 2, "fields": {"app_label": "auth", "model": "permission"}}, {"model": "contenttypes.contenttype", "pk": 3, "fields": {"app_label": "auth", "model": "group"}}, {"model": "contenttypes.contenttype", "pk": 4, "fields": {"app_label": "auth", "model": "user"}}, {"model": "contenttypes.contenttype", "pk": 5, "fields": {"app_label": "contenttypes", "model": "contenttype"}}, {"model": "contenttypes.contenttype", "pk": 6, "fields": {"app_label": "sessions", "model": "session"}}, {"model": "contenttypes.contenttype", "pk": 7, "fields": {"app_label": "programs", "model": "program"}}, {"model": "contenttypes.contenttype", "pk": 8, "fields": {"app_label": "controllers", "model": "controller"}}, {"model": "contenttypes.contenttype", "pk": 9, "fields": {"app_label": "controllers", "model": "channel"}}, {"model": "contenttypes.contenttype", "pk": 10, "fields": {"app_label": "schedules", "model": "scheduledrun"}}, {"model": "contenttypes.contenttype", "pk": 11, "fields": {"app_label": "schedules", "model": "requestedrun"}}, {"model": "contenttypes.contenttype", "pk": 12, "fields": {"app_label": "zones", "model": "zone"}}, {"model": "contenttypes.contenttype", "pk": 13, "fields": {"app_label": "schedules", "model": "action"}}, {"model": "contenttypes.contenttype", "pk": 14, "fields": {"app_label": "weather", "model": "weatherrecord"}}, {"model": "contenttypes.contenttype", "pk": 15, "fields": {"app_label": "weather", "model": "tankrecord"}}, {"model": "contenttypes.contenttype", "pk": 16, "fields": {"app_label": "home", "model": "settings"}}, {"model": "contenttypes.contenttype", "pk": 17, "fields": {"app_label": "home", "model": "log"}}, {"model": "sessions.session", "pk": "b9j498s9n71ofpobt78ip66wk5jycjar", "fields": {"session_data": "ODE5MjU3NDhiYTkwOGE0NjM1MTI0NTk0NWZkNzZjNDVjOWRiM2E1Yjp7Il9hdXRoX3VzZXJfaWQiOiIxIiwiX2F1dGhfdXNlcl9iYWNrZW5kIjoiZGphbmdvLmNvbnRyaWIuYXV0aC5iYWNrZW5kcy5Nb2RlbEJhY2tlbmQiLCJfYXV0aF91c2VyX2hhc2giOiI1YTUwNjZhYTBkMjQ4NmNjMzllMTY4NzFhNDQ4MmVlZGUxZDNiYmY2In0=", "expire_date": "2019-11-14T10:50:33.808"}}, {"model": "sessions.session", "pk": "d8rab5zn6iv788hc8mhlt7a2yesf2sxx", "fields": {"session_data": "ODE5MjU3NDhiYTkwOGE0NjM1MTI0NTk0NWZkNzZjNDVjOWRiM2E1Yjp7Il9hdXRoX3VzZXJfaWQiOiIxIiwiX2F1dGhfdXNlcl9iYWNrZW5kIjoiZGphbmdvLmNvbnRyaWIuYXV0aC5iYWNrZW5kcy5Nb2RlbEJhY2tlbmQiLCJfYXV0aF91c2VyX2hhc2giOiI1YTUwNjZhYTBkMjQ4NmNjMzllMTY4NzFhNDQ4MmVlZGUxZDNiYmY2In0=", "expire_date": "2019-07-23T05:48:58.724"}}, {"model": "sessions.session", "pk": "eu9tjjdcqylr2oe3p582fo2zs43qshfz", "fields": {"session_data": "ODE5MjU3NDhiYTkwOGE0NjM1MTI0NTk0NWZkNzZjNDVjOWRiM2E1Yjp7Il9hdXRoX3VzZXJfaWQiOiIxIiwiX2F1dGhfdXNlcl9iYWNrZW5kIjoiZGphbmdvLmNvbnRyaWIuYXV0aC5iYWNrZW5kcy5Nb2RlbEJhY2tlbmQiLCJfYXV0aF91c2VyX2hhc2giOiI1YTUwNjZhYTBkMjQ4NmNjMzllMTY4NzFhNDQ4MmVlZGUxZDNiYmY2In0=", "expire_date": "2019-06-28T08:44:50.985"}}, {"model": "sessions.session", "pk": "f2hi10zlp3lphl4n9eaux5exr5rrn9h9", "fields": {"session_data": "ODE5MjU3NDhiYTkwOGE0NjM1MTI0NTk0NWZkNzZjNDVjOWRiM2E1Yjp7Il9hdXRoX3VzZXJfaWQiOiIxIiwiX2F1dGhfdXNlcl9iYWNrZW5kIjoiZGphbmdvLmNvbnRyaWIuYXV0aC5iYWNrZW5kcy5Nb2RlbEJhY2tlbmQiLCJfYXV0aF91c2VyX2hhc2giOiI1YTUwNjZhYTBkMjQ4NmNjMzllMTY4NzFhNDQ4MmVlZGUxZDNiYmY2In0=", "expire_date": "2019-11-30T11:16:36.050"}}, {"model": "controllers.controller", "pk": 1, "fields": {"name": "ESP8266_kut", "location": "F\u0151 u. 145 k\u00fatakna", "description": "", "channel_count": 4, "enabled": true}}, {"model": "controllers.channel", "pk": 1, "fields": {"name": "nagylugas 1", "topic": "v/1", "location": "F\u0151 u. 145", "description": "csepegtet\u0151\r\nals\u00f3 szakasz", "controller": 1, "channel_no": 1, "enabled": true}}, {"model": "controllers.channel", "pk": 2, "fields": {"name": "kislugas 1", "topic": "v/2", "location": "kislugas", "description": "csepegtet\u0151", "controller": 1, "channel_no": 2, "enabled": true}}, {"model": "controllers.channel", "pk": 3, "fields": {"name": "spritz di\u00f3fa f\u00f6l\u00f6tt", "topic": "v/3", "location": "di\u00f3fa f\u00f6l\u00f6tt, parcella 2D", "description": "", "controller": 1, "channel_no": 3, "enabled": true}}, {"model": "controllers.channel", "pk": 4, "fields": {"name": "nagylugas 2", "topic": "v/0", "location": "nagylugas", "description": "", "controller": 1, "channel_no": 4, "enabled": true}}, {"model": "home.settings", "pk": 1, "fields": {"weather_api_key": "8b16caa53b6dac44cd9654f4fbb55b57", "site_latitude": 46.1616, "site_longitude": 18.3514, "site_elevation": 200.0, "tzcenter_longitude": 15.0, "mqtt_user": "hetenytuja", "mqtt_password": "hetenytuja", "tank_capacity": 10.0}}, {"model": "home.log", "pk": 1, "fields": {"datetime": "2019-11-19T17:43:19", "message": "Test log"}}, {"model": "programs.program", "pk": 1, "fields": {"name": "Simple run-once program", "description": "Simple run-once program", "program_type": "run-once", "date_start": "2019-10-01", "date_end": null, "days_of_week": "", "time_start": "17:00:00", "duration": "00:30:00", "period": null, "priority": 1, "adaptivity": "ET", "can_be_skipped": true, "enabled": true, "zones": [1]}}, {"model": "programs.program", "pk": 2, "fields": {"name": "Simple periodic program", "description": "Simple periodic program", "program_type": "periodic", "date_start": "2019-10-01", "date_end": null, "days_of_week": "", "time_start": "18:00:00", "duration": "01:30:00", "period": 3, "priority": 4, "adaptivity": "ET", "can_be_skipped": true, "enabled": true, "zones": [1]}}, {"model": "programs.program", "pk": 3, "fields": {"name": "Simple weekly program", "description": "Simple weekly program", "program_type": "weekly", "date_start": "2019-10-01", "date_end": null, "days_of_week": "1", "time_start": "18:00:00", "duration": "00:30:00", "period": null, "priority": 6, "adaptivity": "ET", "can_be_skipped": true, "enabled": true, "zones": [3]}}, {"model": "programs.program", "pk": 11, "fields": {"name": "Everyday weekly program", "description": "Everyday weekly program", "program_type": "weekly", "date_start": "2019-10-01", "date_end": null, "days_of_week": "1234567", "time_start": "18:00:00", "duration": "00:30:00", "period": null, "priority": 8, "adaptivity": "ET", "can_be_skipped": true, "enabled": true, "zones": [1]}}, {"model": "programs.program", "pk": 72, "fields": {"name": "Future periodic program", "description": "Future periodic program", "program_type": "periodic", "date_start": "2019-12-01", "date_end": "2019-12-30", "days_of_week": "", "time_start": "18:00:00", "duration": "01:30:00", "period": 3, "priority": 8, "adaptivity": "none", "can_be_skipped": true, "enabled": true, "zones": [1]}}, {"model": "programs.program", "pk": 74, "fields": {"name": "End before start date", "description": "Periodic program with end date before start", "program_type": "periodic", "date_start": "2019-10-01", "date_end": "2019-09-15", "days_of_week": "", "time_start": "18:00:00", "duration": "01:30:00", "period": 3, "priority": 8, "adaptivity": "none", "can_be_skipped": true, "enabled": true, "zones": [1]}}, {"model": "programs.program", "pk": 81, "fields": {"name": "Ended run-once program", "description": "Ended run-once program", "program_type": "run-once", "date_start": "2019-09-01", "date_end": null, "days_of_week": "", "time_start": "17:00:00", "duration": "00:30:00", "period": null, "priority": 8, "adaptivity": "none", "can_be_skipped": true, "enabled": true, "zones": [1]}}, {"model": "programs.program", "pk": 82, "fields": {"name": "Ended periodic program", "description": "Ended periodic program", "program_type": "periodic", "date_start": "2019-09-01", "date_end": "2019-09-15", "days_of_week": "", "time_start": "18:00:00", "duration": "01:30:00", "period": 3, "priority": 8, "adaptivity": "none", "can_be_skipped": true, "enabled": true, "zones": [1]}}, {"model": "programs.program", "pk": 83, "fields": {"name": "Ended weekly program", "description": "Ended weekly program", "program_type": "weekly", "date_start": "2019-09-01", "date_end": "2019-09-15", "days_of_week": "1", "time_start": "18:00:00", "duration": "00:30:00", "period": null, "priority": 8, "adaptivity": "none", "can_be_skipped": true, "enabled": true, "zones": [1]}}, {"model": "programs.program", "pk": 91, "fields": {"name": "Disabled run-once program", "description": "Disabled run-once program", "program_type": "run-once", "date_start": "2019-10-01", "date_end": null, "days_of_week": "", "time_start": "17:00:00", "duration": "00:30:00", "period": null, "priority": 8, "adaptivity": "none", "can_be_skipped": true, "enabled": false, "zones": [1]}}, {"model": "programs.program", "pk": 92, "fields": {"name": "Disabled periodic program", "description": "Disabled periodic program", "program_type": "periodic", "date_start": "2019-10-01", "date_end": null, "days_of_week": "", "time_start": "18:00:00", "duration": "01:30:00", "period": 3, "priority": 8, "adaptivity": "none", "can_be_skipped": true, "enabled": false, "zones": [1]}}, {"model": "programs.program", "pk": 93, "fields": {"name": "Disabled weekly program", "description": "Disabled weekly program", "program_type": "weekly", "date_start": "2019-10-01", "date_end": null, "days_of_week": "1", "time_start": "18:00:00", "duration": "00:30:00", "period": null, "priority": 8, "adaptivity": "none", "can_be_skipped": true, "enabled": false, "zones": [1]}}, {"model": "programs.program", "pk": 101, "fields": {"name": "Unicode description", "description": "\u00c1rv\u00edzt\u0171r\u0151 t\u00fck\u00f6rf\u00far\u00f3g\u00e9p", "program_type": "run-once", "date_start": "2019-10-01", "date_end": null, "days_of_week": "", "time_start": "17:00:00", "duration": "00:30:00", "period": null, "priority": 8, "adaptivity": "none", "can_be_skipped": true, "enabled": true, "zones": [1]}}, {"model": "programs.program", "pk": 102, "fields": {"name": "Program with a very very very very very very very very very very very very very very very very very very very very very very very very long name", "description": "And also a very very very very very very very veryv ery very very very very very very very very very very veryv ery very very very long description", "program_type": "run-once", "date_start": "2019-10-01", "date_end": null, "days_of_week": "", "time_start": "18:00:00", "duration": "00:30:00", "period": null, "priority": 8, "adaptivity": "none", "can_be_skipped": true, "enabled": true, "zones": [1]}}, {"model": "schedules.requestedrun", "pk": 9, "fields": {"program": 1, "zone": 1, "start": "2019-10-01T17:00:00", "duration": "00:30:00", "priority": 1, "done": false}}, {"model": "schedules.requestedrun", "pk": 10, "fields": {"program": 2, "zone": 1, "start": "2019-10-01T18:00:00", "duration": "01:30:00", "priority": 4, "done": false}}, {"model": "schedules.requestedrun", "pk": 11, "fields": {"program": 11, "zone": 1, "start": "2019-10-01T18:00:00", "duration": "00:30:00", "priority": 8, "done": false}}, {"model": "schedules.requestedrun", "pk": 12, "fields": {"program": 101, "zone": 1, "start": "2019-10-01T17:00:00", "duration": "00:30:00", "priority": 8, "done": false}}, {"model": "schedules.requestedrun", "pk": 13, "fields": {"program": 102, "zone": 1, "start": "2019-10-01T18:00:00", "duration": "00:30:00", "priority": 8, "done": false}}, {"model": "schedules.scheduledrun", "pk": 26, "fields": {"request": 9, "start": "2019-10-01T17:00:10", "duration": "00:18:35", "progress": 0.0}}, {"model": "schedules.scheduledrun", "pk": 27, "fields": {"request": 12, "start": "2019-10-01T17:18:55", "duration": "00:23:42", "progress": 0.0}}, {"model": "schedules.scheduledrun", "pk": 28, "fields": {"request": 10, "start": "2019-10-01T18:00:00", "duration": "00:39:19", "progress": 0.0}}, {"model": "schedules.scheduledrun", "pk": 29, "fields": {"request": 11, "start": "2019-10-01T18:39:29", "duration": "00:14:40", "progress": 0.0}}, {"model": "schedules.scheduledrun", "pk": 30, "fields": {"request": 13, "start": "2019-10-01T18:54:19", "duration": "00:23:42", "progress": 0.0}}, {"model": "schedules.action", "pk": 41, "fields": {"schedule": 26, "channel": 2, "datetime": "2019-10-01T17:00:10", "command": "o", "done": false}}, {"model": "schedules.action", "pk": 42, "fields": {"schedule": 26, "channel": 2, "datetime": "2019-10-01T17:18:45", "command": "c", "done": false}}, {"model": "schedules.action", "pk": 43, "fields": {"schedule": 27, "channel": 2, "datetime": "2019-10-01T17:18:55", "command": "o", "done": false}}, {"model": "schedules.action", "pk": 44, "fields": {"schedule": 27, "channel": 2, "datetime": "2019-10-01T17:42:37", "command": "c", "done": false}}, {"model": "schedules.action", "pk": 45, "fields": {"schedule": 28, "channel": 2, "datetime": "2019-10-01T18:00:00", "command": "o", "done": false}}, {"model": "schedules.action", "pk": 46, "fields": {"schedule": 28, "channel": 2, "datetime": "2019-10-01T18:39:19", "command": "c", "done": false}}, {"model": "schedules.action", "pk": 47, "fields": {"schedule": 29, "channel": 2, "datetime": "2019-10-01T18:39:29", "command": "o", "done": false}}, {"model": "schedules.action", "pk": 48, "fields": {"schedule": 29, "channel": 2, "datetime": "2019-10-01T18:54:09", "command": "c", "done": false}}, {"model": "schedules.action", "pk": 49, "fields": {"schedule": 30, "channel": 2, "datetime": "2019-10-01T18:54:19", "command": "o", "done": false}}, {"model": "schedules.action", "pk": 50, "fields": {"schedule": 30, "channel": 2, "datetime": "2019-10-01T19:18:01", "command": "c", "done": false}}, {"model": "weather.weatherrecord", "pk": 50, "fields": {"datetime": "2019-09-30T11:00:00", "precipitation": 0.0, "reference_ET": 0.08674812388153157}}, {"model": "weather.weatherrecord", "pk": 51, "fields": {"datetime": "2019-09-30T12:00:00", "precipitation": 0.0, "reference_ET": 0.08774587108787515}}, {"model": "weather.weatherrecord", "pk": 52, "fields": {"datetime": "2019-09-30T13:00:00", "precipitation": 0.0, "reference_ET": 0.08763377948216389}}, {"model": "weather.weatherrecord", "pk": 393, "fields": {"datetime": "2019-09-30T14:00:00", "precipitation": 0.0, "reference_ET": 0.06344026524221107}}, {"model": "weather.weatherrecord", "pk": 394, "fields": {"datetime": "2019-09-30T15:00:00", "precipitation": 0.0, "reference_ET": 0.032328013957672805}}, {"model": "weather.weatherrecord", "pk": 395, "fields": {"datetime": "2019-09-30T16:00:00", "precipitation": 0.0, "reference_ET": 0.0028348073510185944}}, {"model": "weather.weatherrecord", "pk": 396, "fields": {"datetime": "2019-09-30T17:00:00", "precipitation": 0.0, "reference_ET": -0.007222666571993008}}, {"model": "weather.weatherrecord", "pk": 397, "fields": {"datetime": "2019-09-30T18:00:00", "precipitation": 0.0083, "reference_ET": 0.0364741869580966}}, {"model": "weather.weatherrecord", "pk": 398, "fields": {"datetime": "2019-09-30T19:00:00", "precipitation": 0.0094, "reference_ET": 0.0363909508837556}}, {"model": "weather.weatherrecord", "pk": 399, "fields": {"datetime": "2019-09-30T20:00:00", "precipitation": 0.0083, "reference_ET": 0.03591930611900243}}, {"model": "weather.weatherrecord", "pk": 400, "fields": {"datetime": "2019-09-30T21:00:00", "precipitation": 0.0072, "reference_ET": 0.033967037938428035}}, {"model": "weather.weatherrecord", "pk": 401, "fields": {"datetime": "2019-09-30T22:00:00", "precipitation": 0.0062, "reference_ET": 0.03432771168701929}}, {"model": "weather.weatherrecord", "pk": 402, "fields": {"datetime": "2019-09-30T23:00:00", "precipitation": 0.0051, "reference_ET": 0.03477600732037138}}, {"model": "weather.weatherrecord", "pk": 403, "fields": {"datetime": "2019-10-01T00:00:00", "precipitation": 0.0, "reference_ET": 0.03452247067811323}}, {"model": "weather.weatherrecord", "pk": 404, "fields": {"datetime": "2019-10-01T01:00:00", "precipitation": 0.0, "reference_ET": 0.032422256842618354}}, {"model": "weather.weatherrecord", "pk": 405, "fields": {"datetime": "2019-10-01T02:00:00", "precipitation": 0.0, "reference_ET": 0.027439121349091322}}, {"model": "weather.weatherrecord", "pk": 406, "fields": {"datetime": "2019-10-01T03:00:00", "precipitation": 0.0, "reference_ET": 0.026039466950679744}}, {"model": "weather.weatherrecord", "pk": 407, "fields": {"datetime": "2019-10-01T04:00:00", "precipitation": 0.0, "reference_ET": 0.027117210132683943}}, {"model": "weather.weatherrecord", "pk": 408, "fields": {"datetime": "2019-10-01T05:00:00", "precipitation": 0.0, "reference_ET": 0.024942257611205616}}, {"model": "weather.weatherrecord", "pk": 409, "fields": {"datetime": "2019-10-01T06:00:00", "precipitation": 0.0, "reference_ET": -0.03116516153261143}}, {"model": "weather.weatherrecord", "pk": 410, "fields": {"datetime": "2019-10-01T07:00:00", "precipitation": 0.0, "reference_ET": 0.019500291111332318}}, {"model": "weather.weatherrecord", "pk": 411, "fields": {"datetime": "2019-10-01T08:00:00", "precipitation": 0.0, "reference_ET": 0.0655666641031188}}, {"model": "weather.weatherrecord", "pk": 412, "fields": {"datetime": "2019-10-01T09:00:00", "precipitation": 0.0, "reference_ET": 0.09616550709069378}}, {"model": "weather.weatherrecord", "pk": 413, "fields": {"datetime": "2019-10-01T10:00:00", "precipitation": 0.0, "reference_ET": 0.1310745403240558}}, {"model": "weather.weatherrecord", "pk": 414, "fields": {"datetime": "2019-10-01T11:00:00", "precipitation": 0.0, "reference_ET": 0.15632794138344852}}, {"model": "weather.weatherrecord", "pk": 415, "fields": {"datetime": "2019-10-01T12:00:00", "precipitation": 0.0, "reference_ET": 0.16782101452849063}}, {"model": "weather.weatherrecord", "pk": 442, "fields": {"datetime": "2019-10-01T13:00:00", "precipitation": 0.0, "reference_ET": 0.10950766227649694}}, {"model": "weather.weatherrecord", "pk": 443, "fields": {"datetime": "2019-10-01T14:00:00", "precipitation": 0.0, "reference_ET": 0.08027539911670069}}, {"model": "weather.weatherrecord", "pk": 444, "fields": {"datetime": "2019-10-01T15:00:00", "precipitation": 0.0, "reference_ET": 0.07417347881561749}}, {"model": "weather.weatherrecord", "pk": 445, "fields": {"datetime": "2019-10-01T16:00:00", "precipitation": 0.0, "reference_ET": 0.07132918525107404}}, {"model": "weather.weatherrecord", "pk": 446, "fields": {"datetime": "2019-10-01T17:00:00", "precipitation": 0.0, "reference_ET": 0.04688705685935704}}, {"model": "weather.weatherrecord", "pk": 447, "fields": {"datetime": "2019-10-01T18:00:00", "precipitation": 0.0, "reference_ET": 0.0722119121755523}}, {"model": "weather.weatherrecord", "pk": 448, "fields": {"datetime": "2019-10-01T19:00:00", "precipitation": 0.0, "reference_ET": 0.06778403883805034}}, {"model": "weather.weatherrecord", "pk": 449, "fields": {"datetime": "2019-10-01T20:00:00", "precipitation": 0.0, "reference_ET": 0.06304695514419562}}, {"model": "weather.weatherrecord", "pk": 450, "fields": {"datetime": "2019-10-01T21:00:00", "precipitation": 0.0, "reference_ET": 0.061942961531629155}}, {"model": "weather.weatherrecord", "pk": 451, "fields": {"datetime": "2019-10-01T22:00:00", "precipitation": 0.0, "reference_ET": 0.061137217838994416}}, {"model": "weather.weatherrecord", "pk": 452, "fields": {"datetime": "2019-10-01T23:00:00", "precipitation": 0.0, "reference_ET": 0.0638271852728359}}, {"model": "weather.weatherrecord", "pk": 453, "fields": {"datetime": "2019-10-02T00:00:00", "precipitation": 0.0, "reference_ET": 0.06235405471995629}}, {"model": "weather.weatherrecord", "pk": 454, "fields": {"datetime": "2019-10-02T01:00:00", "precipitation": 0.0, "reference_ET": 0.055855228876188996}}, {"model": "weather.weatherrecord", "pk": 455, "fields": {"datetime": "2019-10-02T02:00:00", "precipitation": 0.0, "reference_ET": 0.0505931398451487}}, {"model": "weather.weatherrecord", "pk": 456, "fields": {"datetime": "2019-10-02T03:00:00", "precipitation": 0.0, "reference_ET": 0.045008865015869974}}, {"model": "weather.weatherrecord", "pk": 457, "fields": {"datetime": "2019-10-02T04:00:00", "precipitation": 0.0, "reference_ET": 0.040499778578449545}}, {"model": "weather.weatherrecord", "pk": 458, "fields": {"datetime": "2019-10-02T05:00:00", "precipitation": 0.0132, "reference_ET": 0.031622170995917895}}, {"model": "weather.weatherrecord", "pk": 459, "fields": {"datetime": "2019-10-02T06:00:00", "precipitation": 0.0216, "reference_ET": -0.0023009440364353817}}, {"model": "weather.weatherrecord", "pk": 460, "fields": {"datetime": "2019-10-02T07:00:00", "precipitation": 0.0207, "reference_ET": 0.015667595324871164}}, {"model": "weather.weatherrecord", "pk": 461, "fields": {"datetime": "2019-10-02T08:00:00", "precipitation": 0.0442, "reference_ET": 0.03142380344155596}}, {"model": "weather.weatherrecord", "pk": 491, "fields": {"datetime": "2019-10-02T09:00:00", "precipitation": 0.0892, "reference_ET": 0.07002459271398749}}, {"model": "weather.weatherrecord", "pk": 492, "fields": {"datetime": "2019-10-02T10:00:00", "precipitation": 0.0515, "reference_ET": 0.09969867116205515}}, {"model": "weather.weatherrecord", "pk": 493, "fields": {"datetime": "2019-10-02T11:00:00", "precipitation": 0.0232, "reference_ET": 0.13305538034144648}}, {"model": "weather.weatherrecord", "pk": 494, "fields": {"datetime": "2019-10-02T12:00:00", "precipitation": 0.0106, "reference_ET": 0.1623330745237701}}, {"model": "weather.weatherrecord", "pk": 495, "fields": {"datetime": "2019-10-02T13:00:00", "precipitation": 0.0, "reference_ET": 0.15695682651335835}}, {"model": "weather.weatherrecord", "pk": 496, "fields": {"datetime": "2019-10-02T14:00:00", "precipitation": 0.0, "reference_ET": 0.1218866051303326}}, {"model": "weather.weatherrecord", "pk": 497, "fields": {"datetime": "2019-10-02T15:00:00", "precipitation": 0.0, "reference_ET": 0.06361441064629879}}, {"model": "weather.weatherrecord", "pk": 498, "fields": {"datetime": "2019-10-02T16:00:00", "precipitation": 0.0, "reference_ET": -0.010840508781307191}}, {"model": "weather.weatherrecord", "pk": 499, "fields": {"datetime": "2019-10-02T17:00:00", "precipitation": 0.0, "reference_ET": -0.09423931578832617}}, {"model": "weather.weatherrecord", "pk": 500, "fields": {"datetime": "2019-10-02T18:00:00", "precipitation": 0.0, "reference_ET": -0.00884377448988195}}, {"model": "weather.weatherrecord", "pk": 501, "fields": {"datetime": "2019-10-02T19:00:00", "precipitation": 0.0, "reference_ET": -0.007474453868981341}}, {"model": "weather.weatherrecord", "pk": 502, "fields": {"datetime": "2019-10-02T20:00:00", "precipitation": 0.0, "reference_ET": -0.003938994970768855}}, {"model": "weather.weatherrecord", "pk": 503, "fields": {"datetime": "2019-10-02T21:00:00", "precipitation": 0.0051, "reference_ET": -0.00017858583257482352}}, {"model": "weather.weatherrecord", "pk": 504, "fields": {"datetime": "2019-10-02T22:00:00", "precipitation": 0.0051, "reference_ET": 0.0038476421612665575}}, {"model": "weather.weatherrecord", "pk": 505, "fields": {"datetime": "2019-10-02T23:00:00", "precipitation": 0.0051, "reference_ET": 0.008483970172666295}}, {"model": "weather.weatherrecord", "pk": 506, "fields": {"datetime": "2019-10-03T00:00:00", "precipitation": 0.0, "reference_ET": 0.01220177644539248}}, {"model": "weather.weatherrecord", "pk": 507, "fields": {"datetime": "2019-10-03T01:00:00", "precipitation": 0.0, "reference_ET": 0.01661873283634887}}, {"model": "weather.weatherrecord", "pk": 508, "fields": {"datetime": "2019-10-03T02:00:00", "precipitation": 0.0, "reference_ET": 0.02204855787388124}}, {"model": "weather.weatherrecord", "pk": 509, "fields": {"datetime": "2019-10-03T03:00:00", "precipitation": 0.0, "reference_ET": 0.024569180143999822}}, {"model": "weather.weatherrecord", "pk": 510, "fields": {"datetime": "2019-10-03T04:00:00", "precipitation": 0.0, "reference_ET": 0.021401858042355327}}, {"model": "weather.weatherrecord", "pk": 511, "fields": {"datetime": "2019-10-03T05:00:00", "precipitation": 0.0, "reference_ET": 0.01754303037847955}}, {"model": "weather.weatherrecord", "pk": 512, "fields": {"datetime": "2019-10-03T06:00:00", "precipitation": 0.0, "reference_ET": -0.018477482136741875}}, {"model": "weather.weatherrecord", "pk": 513, "fields": {"datetime": "2019-10-03T07:00:00", "precipitation": 0.0, "reference_ET": 0.005239888319946307}}, {"model": "weather.weatherrecord", "pk": 514, "fields": {"datetime": "2019-10-03T08:00:00", "precipitation": 0.0, "reference_ET": 0.02551954919441335}}, {"model": "weather.weatherrecord", "pk": 515, "fields": {"datetime": "2019-10-03T09:00:00", "precipitation": 0.0, "reference_ET": 0.050237782210055835}}, {"model": "weather.weatherrecord", "pk": 516, "fields": {"datetime": "2019-10-03T10:00:00", "precipitation": 0.0, "reference_ET": 0.0751470766149695}}, {"model": "weather.weatherrecord", "pk": 517, "fields": {"datetime": "2019-10-03T11:00:00", "precipitation": 0.0, "reference_ET": 0.09736400226457756}}, {"model": "weather.weatherrecord", "pk": 518, "fields": {"datetime": "2019-10-03T12:00:00", "precipitation": 0.0, "reference_ET": 0.1089372481519693}}, {"model": "weather.weatherrecord", "pk": 519, "fields": {"datetime": "2019-10-03T13:00:00", "precipitation": 0.0, "reference_ET": 0.09983322417619617}}, {"model": "weather.weatherrecord", "pk": 520, "fields": {"datetime": "2019-10-03T14:00:00", "precipitation": 0.0, "reference_ET": 0.07689386240026169}}, {"model": "weather.weatherrecord", "pk": 521, "fields": {"datetime": "2019-10-03T15:00:00", "precipitation": 0.0, "reference_ET": 0.046857675820674474}}, {"model": "weather.weatherrecord", "pk": 522, "fields": {"datetime": "2019-10-03T16:00:00", "precipitation": 0.0, "reference_ET": 0.018399603133320452}}, {"model": "weather.weatherrecord", "pk": 523, "fields": {"datetime": "2019-10-03T17:00:00", "precipitation": 0.0051, "reference_ET": -0.010904673464571253}}, {"model": "weather.weatherrecord", "pk": 524, "fields": {"datetime": "2019-10-03T18:00:00", "precipitation": 0.0083, "reference_ET": 0.018760586477202496}}, {"model": "weather.weatherrecord", "pk": 525, "fields": {"datetime": "2019-10-03T19:00:00", "precipitation": 0.0051, "reference_ET": 0.02046659894325864}}, {"model": "weather.weatherrecord", "pk": 526, "fields": {"datetime": "2019-10-03T20:00:00", "precipitation": 0.0, "reference_ET": 0.02385956641783961}}, {"model": "weather.weatherrecord", "pk": 527, "fields": {"datetime": "2019-10-03T21:00:00", "precipitation": 0.0, "reference_ET": 0.026376953779283084}}, {"model": "weather.weatherrecord", "pk": 528, "fields": {"datetime": "2019-10-03T22:00:00", "precipitation": 0.0, "reference_ET": 0.02567161364844107}}, {"model": "weather.weatherrecord", "pk": 529, "fields": {"datetime": "2019-10-03T23:00:00", "precipitation": 0.0, "reference_ET": 0.022931120907724093}}, {"model": "weather.weatherrecord", "pk": 530, "fields": {"datetime": "2019-11-20T00:00:00", "precipitation": 0.0, "reference_ET": 0.01918770044504148}}, {"model": "weather.weatherrecord", "pk": 531, "fields": {"datetime": "2019-11-20T01:00:00", "precipitation": 0.0372, "reference_ET": 0.017200062554222333}}, {"model": "weather.weatherrecord", "pk": 532, "fields": {"datetime": "2019-11-20T02:00:00", "precipitation": 0.2046, "reference_ET": 0.01532033251366097}}, {"model": "weather.weatherrecord", "pk": 533, "fields": {"datetime": "2019-11-20T03:00:00", "precipitation": 0.3574, "reference_ET": 0.01303562853355435}}, {"model": "weather.weatherrecord", "pk": 534, "fields": {"datetime": "2019-11-20T04:00:00", "precipitation": 0.2605, "reference_ET": 0.013191274416837777}}, {"model": "weather.weatherrecord", "pk": 535, "fields": {"datetime": "2019-11-20T05:00:00", "precipitation": 0.1047, "reference_ET": 0.015028672658537353}}, {"model": "weather.weatherrecord", "pk": 536, "fields": {"datetime": "2019-11-20T06:00:00", "precipitation": 0.0543, "reference_ET": -0.01619358099763892}}, {"model": "weather.weatherrecord", "pk": 537, "fields": {"datetime": "2019-11-20T07:00:00", "precipitation": 0.0567, "reference_ET": 0.0019080942044677708}}, {"model": "weather.weatherrecord", "pk": 538, "fields": {"datetime": "2019-11-20T08:00:00", "precipitation": 0.0988, "reference_ET": 0.020225109989981668}}, {"model": "weather.weatherrecord", "pk": 539, "fields": {"datetime": "2019-11-20T09:00:00", "precipitation": 0.2496, "reference_ET": 0.03607817496958729}}, {"model": "weather.tankrecord", "pk": 1, "fields": {"datetime": "2019-11-19T18:21:13", "level": 0.56}}, {"model": "zones.zone", "pk": 1, "fields": {"name": "zona1", "location": "location1", "description": "Description of zone1", "plant_coefficient": 1.0, "intensity": 5.0, "flow_rate": 1.0, "enabled": true, "channels": [2]}}, {"model": "zones.zone", "pk": 2, "fields": {"name": "zone2", "location": "location2", "description": "Description of zone2", "plant_coefficient": 1.0, "intensity": 5.0, "flow_rate": 1.0, "enabled": true, "channels": [1, 4]}}, {"model": "zones.zone", "pk": 3, "fields": {"name": "zone3", "location": "location3", "description": "Description of zone3", "plant_coefficient": 1.0, "intensity": 5.0, "flow_rate": 1.0, "enabled": true, "channels": [3]}}, {"model": "zones.zone", "pk": 99, "fields": {"name": "disabled zone", "location": "location", "description": "This zone is disabled", "plant_coefficient": 1.0, "intensity": 10.0, "flow_rate": 1.0, "enabled": false, "channels": [1]}}, {"model": "auth.permission", "pk": 1, "fields": {"name": "Can add log entry", "content_type": 1, "codename": "add_logentry"}}, {"model": "auth.permission", "pk": 2, "fields": {"name": "Can change log entry", "content_type": 1, "codename": "change_logentry"}}, {"model": "auth.permission", "pk": 3, "fields": {"name": "Can delete log entry", "content_type": 1, "codename": "delete_logentry"}}, {"model": "auth.permission", "pk": 4, "fields": {"name": "Can view log entry", "content_type": 1, "codename": "view_logentry"}}, {"model": "auth.permission", "pk": 5, "fields": {"name": "Can add permission", "content_type": 2, "codename": "add_permission"}}, {"model": "auth.permission", "pk": 6, "fields": {"name": "Can change permission", "content_type": 2, "codename": "change_permission"}}, {"model": "auth.permission", "pk": 7, "fields": {"name": "Can delete permission", "content_type": 2, "codename": "delete_permission"}}, {"model": "auth.permission", "pk": 8, "fields": {"name": "Can view permission", "content_type": 2, "codename": "view_permission"}}, {"model": "auth.permission", "pk": 9, "fields": {"name": "Can add group", "content_type": 3, "codename": "add_group"}}, {"model": "auth.permission", "pk": 10, "fields": {"name": "Can change group", "content_type": 3, "codename": "change_group"}}, {"model": "auth.permission", "pk": 11, "fields": {"name": "Can delete group", "content_type": 3, "codename": "delete_group"}}, {"model": "auth.permission", "pk": 12, "fields": {"name": "Can view group", "content_type": 3, "codename": "view_group"}}, {"model": "auth.permission", "pk": 13, "fields": {"name": "Can add user", "content_type": 4, "codename": "add_user"}}, {"model": "auth.permission", "pk": 14, "fields": {"name": "Can change user", "content_type": 4, "codename": "change_user"}}, {"model": "auth.permission", "pk": 15, "fields": {"name": "Can delete user", "content_type": 4, "codename": "delete_user"}}, {"model": "auth.permission", "pk": 16, "fields": {"name": "Can view user", "content_type": 4, "codename": "view_user"}}, {"model": "auth.permission", "pk": 17, "fields": {"name": "Can add content type", "content_type": 5, "codename": "add_contenttype"}}, {"model": "auth.permission", "pk": 18, "fields": {"name": "Can change content type", "content_type": 5, "codename": "change_contenttype"}}, {"model": "auth.permission", "pk": 19, "fields": {"name": "Can delete content type", "content_type": 5, "codename": "delete_contenttype"}}, {"model": "auth.permission", "pk": 20, "fields": {"name": "Can view content type", "content_type": 5, "codename": "view_contenttype"}}, {"model": "auth.permission", "pk": 21, "fields": {"name": "Can add session", "content_type": 6, "codename": "add_session"}}, {"model": "auth.permission", "pk": 22, "fields": {"name": "Can change session", "content_type": 6, "codename": "change_session"}}, {"model": "auth.permission", "pk": 23, "fields": {"name": "Can delete session", "content_type": 6, "codename": "delete_session"}}, {"model": "auth.permission", "pk": 24, "fields": {"name": "Can view session", "content_type": 6, "codename": "view_session"}}, {"model": "auth.permission", "pk": 25, "fields": {"name": "Can add program", "content_type": 7, "codename": "add_program"}}, {"model": "auth.permission", "pk": 26, "fields": {"name": "Can change program", "content_type": 7, "codename": "change_program"}}, {"model": "auth.permission", "pk": 27, "fields": {"name": "Can delete program", "content_type": 7, "codename": "delete_program"}}, {"model": "auth.permission", "pk": 28, "fields": {"name": "Can view program", "content_type": 7, "codename": "view_program"}}, {"model": "auth.permission", "pk": 29, "fields": {"name": "Can add controller", "content_type": 8, "codename": "add_controller"}}, {"model": "auth.permission", "pk": 30, "fields": {"name": "Can change controller", "content_type": 8, "codename": "change_controller"}}, {"model": "auth.permission", "pk": 31, "fields": {"name": "Can delete controller", "content_type": 8, "codename": "delete_controller"}}, {"model": "auth.permission", "pk": 32, "fields": {"name": "Can view controller", "content_type": 8, "codename": "view_controller"}}, {"model": "auth.permission", "pk": 33, "fields": {"name": "Can add channel", "content_type": 9, "codename": "add_channel"}}, {"model": "auth.permission", "pk": 34, "fields": {"name": "Can change channel", "content_type": 9, "codename": "change_channel"}}, {"model": "auth.permission", "pk": 35, "fields": {"name": "Can delete channel", "content_type": 9, "codename": "delete_channel"}}, {"model": "auth.permission", "pk": 36, "fields": {"name": "Can view channel", "content_type": 9, "codename": "view_channel"}}, {"model": "auth.permission", "pk": 37, "fields": {"name": "Can add scheduled run", "content_type": 10, "codename": "add_scheduledrun"}}, {"model": "auth.permission", "pk": 38, "fields": {"name": "Can change scheduled run", "content_type": 10, "codename": "change_scheduledrun"}}, {"model": "auth.permission", "pk": 39, "fields": {"name": "Can delete scheduled run", "content_type": 10, "codename": "delete_scheduledrun"}}, {"model": "auth.permission", "pk": 40, "fields": {"name": "Can view scheduled run", "content_type": 10, "codename": "view_scheduledrun"}}, {"model": "auth.permission", "pk": 41, "fields": {"name": "Can add requested run", "content_type": 11, "codename": "add_requestedrun"}}, {"model": "auth.permission", "pk": 42, "fields": {"name": "Can change requested run", "content_type": 11, "codename": "change_requestedrun"}}, {"model": "auth.permission", "pk": 43, "fields": {"name": "Can delete requested run", "content_type": 11, "codename": "delete_requestedrun"}}, {"model": "auth.permission", "pk": 44, "fields": {"name": "Can view requested run", "content_type": 11, "codename": "view_requestedrun"}}, {"model": "auth.permission", "pk": 45, "fields": {"name": "Can add zone", "content_type": 12, "codename": "add_zone"}}, {"model": "auth.permission", "pk": 46, "fields": {"name": "Can change zone", "content_type": 12, "codename": "change_zone"}}, {"model": "auth.permission", "pk": 47, "fields": {"name": "Can delete zone", "content_type": 12, "codename": "delete_zone"}}, {"model": "auth.permission", "pk": 48, "fields": {"name": "Can view zone", "content_type": 12, "codename": "view_zone"}}, {"model": "auth.permission", "pk": 49, "fields": {"name": "Can add action", "content_type": 13, "codename": "add_action"}}, {"model": "auth.permission", "pk": 50, "fields": {"name": "Can change action", "content_type": 13, "codename": "change_action"}}, {"model": "auth.permission", "pk": 51, "fields": {"name": "Can delete action", "content_type": 13, "codename": "delete_action"}}, {"model": "auth.permission", "pk": 52, "fields": {"name": "Can view action", "content_type": 13, "codename": "view_action"}}, {"model": "auth.permission", "pk": 53, "fields": {"name": "Can add weather record", "content_type": 14, "codename": "add_weatherrecord"}}, {"model": "auth.permission", "pk": 54, "fields": {"name": "Can change weather record", "content_type": 14, "codename": "change_weatherrecord"}}, {"model": "auth.permission", "pk": 55, "fields": {"name": "Can delete weather record", "content_type": 14, "codename": "delete_weatherrecord"}}, {"model": "auth.permission", "pk": 56, "fields": {"name": "Can view weather record", "content_type": 14, "codename": "view_weatherrecord"}}, {"model": "auth.permission", "pk": 57, "fields": {"name": "Can add tank record", "content_type": 15, "codename": "add_tankrecord"}}, {"model": "auth.permission", "pk": 58, "fields": {"name": "Can change tank record", "content_type": 15, "codename": "change_tankrecord"}}, {"model": "auth.permission", "pk": 59, "fields": {"name": "Can delete tank record", "content_type": 15, "codename": "delete_tankrecord"}}, {"model": "auth.permission", "pk": 60, "fields": {"name": "Can view tank record", "content_type": 15, "codename": "view_tankrecord"}}, {"model": "auth.permission", "pk": 61, "fields": {"name": "Can add settings", "content_type": 16, "codename": "add_settings"}}, {"model": "auth.permission", "pk": 62, "fields": {"name": "Can change settings", "content_type": 16, "codename": "change_settings"}}, {"model": "auth.permission", "pk": 63, "fields": {"name": "Can delete settings", "content_type": 16, "codename": "delete_settings"}}, {"model": "auth.permission", "pk": 64, "fields": {"name": "Can view settings", "content_type": 16, "codename": "view_settings"}}, {"model": "auth.permission", "pk": 65, "fields": {"name": "Can add log", "content_type": 17, "codename": "add_log"}}, {"model": "auth.permission", "pk": 66, "fields": {"name": "Can change log", "content_type": 17, "codename": "change_log"}}, {"model": "auth.permission", "pk": 67, "fields": {"name": "Can delete log", "content_type": 17, "codename": "delete_log"}}, {"model": "auth.permission", "pk": 68, "fields": {"name": "Can view log", "content_type": 17, "codename": "view_log"}}, {"model": "auth.user", "pk": 1, "fields": {"password": "pbkdf2_sha256$150000$6TZnaS4sas2h$Ig51/w6KSG2D20lOtbm/cMY8e2gr+cGCWJ2FHdIK6qs=", "last_login": "2019-11-16T11:16:36.045", "is_superuser": true, "username": "levente", "first_name": "", "last_name": "", "email": "", "is_staff": true, "is_active": true, "date_joined": "2019-06-14T08:44:43.403", "groups": [], "user_permissions": []}}, {"model": "admin.logentry", "pk": 1, "fields": {"action_time": "2019-06-14T08:45:24.343", "user": 1, "content_type": 7, "object_id": "1", "object_repr": "Program object (1)", "action_flag": 1, "change_message": "[{\"added\": {}}]"}}, {"model": "admin.logentry", "pk": 2, "fields": {"action_time": "2019-06-14T08:50:02.578", "user": 1, "content_type": 7, "object_id": "2", "object_repr": "Program object (2)", "action_flag": 1, "change_message": "[{\"added\": {}}]"}}, {"model": "admin.logentry", "pk": 3, "fields": {"action_time": "2019-06-14T08:52:45.243", "user": 1, "content_type": 7, "object_id": "3", "object_repr": "Program object (3)", "action_flag": 1, "change_message": "[{\"added\": {}}]"}}, {"model": "admin.logentry", "pk": 4, "fields": {"action_time": "2019-07-09T05:55:54.180", "user": 1, "content_type": 8, "object_id": "1", "object_repr": "(1) ESP8266_kut", "action_flag": 1, "change_message": "[{\"added\": {}}]"}}, {"model": "admin.logentry", "pk": 5, "fields": {"action_time": "2019-07-09T05:57:51.201", "user": 1, "content_type": 9, "object_id": "1", "object_repr": "(1) nagylugas 1", "action_flag": 1, "change_message": "[{\"added\": {}}]"}}, {"model": "admin.logentry", "pk": 6, "fields": {"action_time": "2019-07-11T05:41:10.040", "user": 1, "content_type": 9, "object_id": "2", "object_repr": "(2) kislugas 1", "action_flag": 1, "change_message": "[{\"added\": {}}]"}}, {"model": "admin.logentry", "pk": 7, "fields": {"action_time": "2019-07-11T05:43:22.390", "user": 1, "content_type": 9, "object_id": "3", "object_repr": "(3) spritz di\u00f3fa f\u00f6l\u00f6tt", "action_flag": 1, "change_message": "[{\"added\": {}}]"}}, {"model": "admin.logentry", "pk": 8, "fields": {"action_time": "2019-07-11T05:44:14.591", "user": 1, "content_type": 7, "object_id": "27", "object_repr": "(27) teszt99", "action_flag": 2, "change_message": "[{\"changed\": {\"fields\": [\"channels\"]}}]"}}, {"model": "admin.logentry", "pk": 9, "fields": {"action_time": "2019-07-11T05:44:29.937", "user": 1, "content_type": 7, "object_id": "9", "object_repr": "(9) Nagyon nagyon hossz\u00fa nev\u0171 program de annyira hogy m\u00e1r nem is f\u00e9r bele a boxba", "action_flag": 2, "change_message": "[{\"changed\": {\"fields\": [\"channels\"]}}]"}}, {"model": "admin.logentry", "pk": 10, "fields": {"action_time": "2019-07-16T04:34:22.642", "user": 1, "content_type": 7, "object_id": "28", "object_repr": "(28) Mai program", "action_flag": 2, "change_message": "[{\"changed\": {\"fields\": [\"date_start\", \"days_of_week\"]}}]"}}, {"model": "admin.logentry", "pk": 11, "fields": {"action_time": "2019-07-16T04:35:54.117", "user": 1, "content_type": 7, "object_id": "14", "object_repr": "(14) weekly6", "action_flag": 2, "change_message": "[{\"changed\": {\"fields\": [\"program_type\", \"channels\", \"date_start\"]}}]"}}, {"model": "admin.logentry", "pk": 12, "fields": {"action_time": "2019-07-16T04:36:25.941", "user": 1, "content_type": 7, "object_id": "12", "object_repr": "(12) weekly4", "action_flag": 2, "change_message": "[{\"changed\": {\"fields\": [\"channels\", \"date_start\"]}}]"}}, {"model": "admin.logentry", "pk": 13, "fields": {"action_time": "2019-07-16T04:37:21.421", "user": 1, "content_type": 7, "object_id": "13", "object_repr": "(13) kedden nem", "action_flag": 2, "change_message": "[{\"changed\": {\"fields\": [\"name\", \"program_type\", \"channels\", \"date_start\", \"days_of_week\", \"time_start\", \"duration\"]}}]"}}, {"model": "admin.logentry", "pk": 14, "fields": {"action_time": "2019-07-16T04:38:33.924", "user": 1, "content_type": 7, "object_id": "29", "object_repr": "(29) lej\u00e1rt program", "action_flag": 1, "change_message": "[{\"added\": {}}]"}}, {"model": "admin.logentry", "pk": 15, "fields": {"action_time": "2019-07-16T06:23:36.472", "user": 1, "content_type": 7, "object_id": "30", "object_repr": "(30) periodic 0714 every2days", "action_flag": 1, "change_message": "[{\"added\": {}}]"}}, {"model": "admin.logentry", "pk": 16, "fields": {"action_time": "2019-07-16T09:21:26.060", "user": 1, "content_type": 7, "object_id": "31", "object_repr": "(31) periodic 0710 every3days", "action_flag": 1, "change_message": "[{\"added\": {}}]"}}, {"model": "admin.logentry", "pk": 17, "fields": {"action_time": "2019-07-16T12:38:22.632", "user": 1, "content_type": 7, "object_id": "28", "object_repr": "(28) Mai program", "action_flag": 2, "change_message": "[{\"changed\": {\"fields\": [\"channels\"]}}]"}}, {"model": "admin.logentry", "pk": 18, "fields": {"action_time": "2019-07-16T12:46:57.113", "user": 1, "content_type": 11, "object_id": "1", "object_repr": "RequestedRun object (1)", "action_flag": 1, "change_message": "[{\"added\": {}}]"}}, {"model": "admin.logentry", "pk": 19, "fields": {"action_time": "2019-07-17T04:35:39.222", "user": 1, "content_type": 7, "object_id": "28", "object_repr": "(28) Mai program", "action_flag": 2, "change_message": "[{\"changed\": {\"fields\": [\"channels\", \"date_start\", \"priority\"]}}]"}}, {"model": "admin.logentry", "pk": 20, "fields": {"action_time": "2019-07-17T04:36:10.447", "user": 1, "content_type": 11, "object_id": "3", "object_repr": "(3) Z1 2019-07-17 04:36:52", "action_flag": 3, "change_message": ""}}, {"model": "admin.logentry", "pk": 21, "fields": {"action_time": "2019-07-17T04:36:10.451", "user": 1, "content_type": 11, "object_id": "2", "object_repr": "(2) Z1 2019-07-14 06:23:11", "action_flag": 3, "change_message": ""}}, {"model": "admin.logentry", "pk": 22, "fields": {"action_time": "2019-07-17T04:36:10.455", "user": 1, "content_type": 11, "object_id": "1", "object_repr": "(1) Z1 2019-07-16 12:46:51", "action_flag": 3, "change_message": ""}}, {"model": "admin.logentry", "pk": 23, "fields": {"action_time": "2019-07-17T04:39:51.355", "user": 1, "content_type": 7, "object_id": "12", "object_repr": "(12) weekly4", "action_flag": 2, "change_message": "[{\"changed\": {\"fields\": [\"program_type\", \"channels\", \"time_start\", \"duration\"]}}]"}}, {"model": "admin.logentry", "pk": 24, "fields": {"action_time": "2019-07-17T04:56:18.742", "user": 1, "content_type": 11, "object_id": "14", "object_repr": "(14) Z1 2019-07-17 04:36:52", "action_flag": 3, "change_message": ""}}, {"model": "admin.logentry", "pk": 25, "fields": {"action_time": "2019-07-17T04:56:18.748", "user": 1, "content_type": 11, "object_id": "13", "object_repr": "(13) Z3 2019-07-17 04:39:04", "action_flag": 3, "change_message": ""}}, {"model": "admin.logentry", "pk": 26, "fields": {"action_time": "2019-07-17T04:56:18.752", "user": 1, "content_type": 11, "object_id": "12", "object_repr": "(12) Z2 2019-07-17 04:39:04", "action_flag": 3, "change_message": ""}}, {"model": "admin.logentry", "pk": 27, "fields": {"action_time": "2019-07-17T04:56:18.756", "user": 1, "content_type": 11, "object_id": "11", "object_repr": "(11) Z2 2019-07-17 09:21:09", "action_flag": 3, "change_message": ""}}, {"model": "admin.logentry", "pk": 28, "fields": {"action_time": "2019-07-17T04:56:18.761", "user": 1, "content_type": 11, "object_id": "10", "object_repr": "(10) Z1 2019-07-17 06:23:11", "action_flag": 3, "change_message": ""}}, {"model": "admin.logentry", "pk": 29, "fields": {"action_time": "2019-07-17T04:56:18.766", "user": 1, "content_type": 11, "object_id": "9", "object_repr": "(9) Z3 2019-07-17 13:12:00", "action_flag": 3, "change_message": ""}}, {"model": "admin.logentry", "pk": 30, "fields": {"action_time": "2019-07-17T04:56:18.771", "user": 1, "content_type": 11, "object_id": "8", "object_repr": "(8) Z2 2019-07-17 13:12:00", "action_flag": 3, "change_message": ""}}, {"model": "admin.logentry", "pk": 31, "fields": {"action_time": "2019-07-17T04:56:18.775", "user": 1, "content_type": 11, "object_id": "7", "object_repr": "(7) Z1 2019-07-17 13:12:00", "action_flag": 3, "change_message": ""}}, {"model": "admin.logentry", "pk": 32, "fields": {"action_time": "2019-07-17T04:56:18.780", "user": 1, "content_type": 11, "object_id": "6", "object_repr": "(6) Z3 2019-07-17 13:12:00", "action_flag": 3, "change_message": ""}}, {"model": "admin.logentry", "pk": 33, "fields": {"action_time": "2019-07-17T04:56:18.785", "user": 1, "content_type": 11, "object_id": "5", "object_repr": "(5) Z2 2019-07-17 13:12:00", "action_flag": 3, "change_message": ""}}, {"model": "admin.logentry", "pk": 34, "fields": {"action_time": "2019-07-17T04:56:18.789", "user": 1, "content_type": 11, "object_id": "4", "object_repr": "(4) Z1 2019-07-17 13:12:00", "action_flag": 3, "change_message": ""}}, {"model": "admin.logentry", "pk": 35, "fields": {"action_time": "2019-10-31T10:51:17.870", "user": 1, "content_type": 12, "object_id": "1", "object_repr": "(1) nagylugas", "action_flag": 1, "change_message": "[{\"added\": {}}]"}}, {"model": "admin.logentry", "pk": 36, "fields": {"action_time": "2019-10-31T10:52:04.728", "user": 1, "content_type": 9, "object_id": "4", "object_repr": "(4) nagylugas 2", "action_flag": 1, "change_message": "[{\"added\": {}}]"}}, {"model": "admin.logentry", "pk": 37, "fields": {"action_time": "2019-10-31T10:52:20.366", "user": 1, "content_type": 9, "object_id": "4", "object_repr": "(4) nagylugas 2", "action_flag": 2, "change_message": "[{\"changed\": {\"fields\": [\"channel_no\"]}}]"}}, {"model": "admin.logentry", "pk": 38, "fields": {"action_time": "2019-10-31T10:52:38.168", "user": 1, "content_type": 12, "object_id": "1", "object_repr": "(1) nagylugas", "action_flag": 2, "change_message": "[{\"changed\": {\"fields\": [\"channels\"]}}]"}}, {"model": "admin.logentry", "pk": 39, "fields": {"action_time": "2019-10-31T10:52:54.168", "user": 1, "content_type": 12, "object_id": "2", "object_repr": "(2) kislugas", "action_flag": 1, "change_message": "[{\"added\": {}}]"}}, {"model": "admin.logentry", "pk": 40, "fields": {"action_time": "2019-10-31T10:56:46.533", "user": 1, "content_type": 7, "object_id": "28", "object_repr": "(28) Mai program", "action_flag": 2, "change_message": "[{\"changed\": {\"fields\": [\"zones\"]}}]"}}, {"model": "admin.logentry", "pk": 41, "fields": {"action_time": "2019-10-31T11:13:40.568", "user": 1, "content_type": 7, "object_id": "19", "object_repr": "(19) hali2", "action_flag": 2, "change_message": "[{\"changed\": {\"fields\": [\"time_start\"]}}]"}}, {"model": "admin.logentry", "pk": 42, "fields": {"action_time": "2019-11-02T16:04:52.954", "user": 1, "content_type": 7, "object_id": "31", "object_repr": "(31) periodic 0710 every3days", "action_flag": 3, "change_message": ""}}, {"model": "admin.logentry", "pk": 43, "fields": {"action_time": "2019-11-02T16:04:52.959", "user": 1, "content_type": 7, "object_id": "30", "object_repr": "(30) periodic 0714 every2days", "action_flag": 3, "change_message": ""}}, {"model": "admin.logentry", "pk": 44, "fields": {"action_time": "2019-11-02T16:04:52.964", "user": 1, "content_type": 7, "object_id": "29", "object_repr": "(29) lej\u00e1rt program", "action_flag": 3, "change_message": ""}}, {"model": "admin.logentry", "pk": 45, "fields": {"action_time": "2019-11-02T16:04:52.968", "user": 1, "content_type": 7, "object_id": "28", "object_repr": "(28) Mai program", "action_flag": 3, "change_message": ""}}, {"model": "admin.logentry", "pk": 46, "fields": {"action_time": "2019-11-02T16:04:52.972", "user": 1, "content_type": 7, "object_id": "27", "object_repr": "(27) teszt99", "action_flag": 3, "change_message": ""}}, {"model": "admin.logentry", "pk": 47, "fields": {"action_time": "2019-11-02T16:04:52.976", "user": 1, "content_type": 7, "object_id": "24", "object_repr": "(24) asd", "action_flag": 3, "change_message": ""}}, {"model": "admin.logentry", "pk": 48, "fields": {"action_time": "2019-11-02T16:04:52.980", "user": 1, "content_type": 7, "object_id": "19", "object_repr": "(19) hali2", "action_flag": 3, "change_message": ""}}, {"model": "admin.logentry", "pk": 49, "fields": {"action_time": "2019-11-02T16:04:52.984", "user": 1, "content_type": 7, "object_id": "14", "object_repr": "(14) weekly6", "action_flag": 3, "change_message": ""}}, {"model": "admin.logentry", "pk": 50, "fields": {"action_time": "2019-11-02T16:04:52.988", "user": 1, "content_type": 7, "object_id": "13", "object_repr": "(13) kedden nem", "action_flag": 3, "change_message": ""}}, {"model": "admin.logentry", "pk": 51, "fields": {"action_time": "2019-11-02T16:04:52.992", "user": 1, "content_type": 7, "object_id": "12", "object_repr": "(12) weekly4", "action_flag": 3, "change_message": ""}}, {"model": "admin.logentry", "pk": 52, "fields": {"action_time": "2019-11-02T16:04:52.998", "user": 1, "content_type": 7, "object_id": "9", "object_repr": "(9) Nagyon nagyon hossz\u00fa nev\u0171 program de annyira hogy m\u00e1r nem is f\u00e9r bele a boxba", "action_flag": 3, "change_message": ""}}, {"model": "admin.logentry", "pk": 53, "fields": {"action_time": "2019-11-02T16:04:53.002", "user": 1, "content_type": 7, "object_id": "8", "object_repr": "(8) saturday progr", "action_flag": 3, "change_message": ""}}, {"model": "admin.logentry", "pk": 54, "fields": {"action_time": "2019-11-02T16:04:53.006", "user": 1, "content_type": 7, "object_id": "6", "object_repr": "(6) additional run-once program", "action_flag": 3, "change_message": ""}}, {"model": "admin.logentry", "pk": 55, "fields": {"action_time": "2019-11-02T16:04:53.011", "user": 1, "content_type": 7, "object_id": "3", "object_repr": "(3) program 3", "action_flag": 3, "change_message": ""}}, {"model": "admin.logentry", "pk": 56, "fields": {"action_time": "2019-11-02T16:04:53.016", "user": 1, "content_type": 7, "object_id": "2", "object_repr": "(2) keddenk\u00e9nt 18", "action_flag": 3, "change_message": ""}}, {"model": "admin.logentry", "pk": 57, "fields": {"action_time": "2019-11-02T16:05:07.813", "user": 1, "content_type": 12, "object_id": "2", "object_repr": "(2) kislugas", "action_flag": 3, "change_message": ""}}, {"model": "admin.logentry", "pk": 58, "fields": {"action_time": "2019-11-02T16:05:07.818", "user": 1, "content_type": 12, "object_id": "1", "object_repr": "(1) nagylugas", "action_flag": 3, "change_message": ""}}, {"model": "admin.logentry", "pk": 59, "fields": {"action_time": "2019-11-02T16:11:53.129", "user": 1, "content_type": 7, "object_id": "45", "object_repr": "(45) Unicode description", "action_flag": 3, "change_message": ""}}, {"model": "admin.logentry", "pk": 60, "fields": {"action_time": "2019-11-02T16:11:53.135", "user": 1, "content_type": 7, "object_id": "44", "object_repr": "(44) Program with a very very very very very very very very very very very very very very very very very very very very very very very very long name", "action_flag": 3, "change_message": ""}}, {"model": "admin.logentry", "pk": 61, "fields": {"action_time": "2019-11-02T16:11:53.139", "user": 1, "content_type": 7, "object_id": "43", "object_repr": "(43) End before start date", "action_flag": 3, "change_message": ""}}, {"model": "admin.logentry", "pk": 62, "fields": {"action_time": "2019-11-02T16:11:53.143", "user": 1, "content_type": 7, "object_id": "42", "object_repr": "(42) Future periodic program", "action_flag": 3, "change_message": ""}}, {"model": "admin.logentry", "pk": 63, "fields": {"action_time": "2019-11-02T16:11:53.147", "user": 1, "content_type": 7, "object_id": "41", "object_repr": "(41) Ended weekly program", "action_flag": 3, "change_message": ""}}, {"model": "admin.logentry", "pk": 64, "fields": {"action_time": "2019-11-02T16:11:53.151", "user": 1, "content_type": 7, "object_id": "40", "object_repr": "(40) Ended periodic program", "action_flag": 3, "change_message": ""}}, {"model": "admin.logentry", "pk": 65, "fields": {"action_time": "2019-11-02T16:11:53.155", "user": 1, "content_type": 7, "object_id": "39", "object_repr": "(39) Ended run-once program", "action_flag": 3, "change_message": ""}}, {"model": "admin.logentry", "pk": 66, "fields": {"action_time": "2019-11-02T16:11:53.159", "user": 1, "content_type": 7, "object_id": "38", "object_repr": "(38) Disabled weekly program", "action_flag": 3, "change_message": ""}}, {"model": "admin.logentry", "pk": 67, "fields": {"action_time": "2019-11-02T16:11:53.163", "user": 1, "content_type": 7, "object_id": "37", "object_repr": "(37) Disabled periodic program", "action_flag": 3, "change_message": ""}}, {"model": "admin.logentry", "pk": 68, "fields": {"action_time": "2019-11-02T16:11:53.167", "user": 1, "content_type": 7, "object_id": "36", "object_repr": "(36) Disabled run-once program", "action_flag": 3, "change_message": ""}}, {"model": "admin.logentry", "pk": 69, "fields": {"action_time": "2019-11-02T16:11:53.172", "user": 1, "content_type": 7, "object_id": "35", "object_repr": "(35) Everyday weekly program", "action_flag": 3, "change_message": ""}}, {"model": "admin.logentry", "pk": 70, "fields": {"action_time": "2019-11-02T16:11:53.175", "user": 1, "content_type": 7, "object_id": "34", "object_repr": "(34) Simple weekly program", "action_flag": 3, "change_message": ""}}, {"model": "admin.logentry", "pk": 71, "fields": {"action_time": "2019-11-02T16:11:53.179", "user": 1, "content_type": 7, "object_id": "33", "object_repr": "(33) Simple periodic program", "action_flag": 3, "change_message": ""}}, {"model": "admin.logentry", "pk": 72, "fields": {"action_time": "2019-11-02T16:11:53.183", "user": 1, "content_type": 7, "object_id": "32", "object_repr": "(32) Simple run-once program", "action_flag": 3, "change_message": ""}}, {"model": "admin.logentry", "pk": 73, "fields": {"action_time": "2019-11-16T14:43:16.904", "user": 1, "content_type": 16, "object_id": "1", "object_repr": "Settings object (1)", "action_flag": 1, "change_message": "[{\"added\": {}}]"}}, {"model": "admin.logentry", "pk": 74, "fields": {"action_time": "2019-11-16T14:43:42.078", "user": 1, "content_type": 16, "object_id": "1", "object_repr": "Settings object (1)", "action_flag": 2, "change_message": "[{\"changed\": {\"fields\": [\"mqtt_password\"]}}]"}}, {"model": "admin.logentry", "pk": 75, "fields": {"action_time": "2019-11-17T13:35:56.932", "user": 1, "content_type": 7, "object_id": "1", "object_repr": "(1) Simple run-once program", "action_flag": 2, "change_message": "[{\"changed\": {\"fields\": [\"adaptivity\"]}}]"}}, {"model": "admin.logentry", "pk": 76, "fields": {"action_time": "2019-11-17T13:36:04.268", "user": 1, "content_type": 7, "object_id": "2", "object_repr": "(2) Simple periodic program", "action_flag": 2, "change_message": "[{\"changed\": {\"fields\": [\"adaptivity\"]}}]"}}, {"model": "admin.logentry", "pk": 77, "fields": {"action_time": "2019-11-17T13:36:11.217", "user": 1, "content_type": 7, "object_id": "3", "object_repr": "(3) Simple weekly program", "action_flag": 2, "change_message": "[{\"changed\": {\"fields\": [\"adaptivity\"]}}]"}}, {"model": "admin.logentry", "pk": 78, "fields": {"action_time": "2019-11-17T13:36:17.720", "user": 1, "content_type": 7, "object_id": "11", "object_repr": "(11) Everyday weekly program", "action_flag": 2, "change_message": "[{\"changed\": {\"fields\": [\"adaptivity\"]}}]"}}, {"model": "admin.logentry", "pk": 79, "fields": {"action_time": "2019-11-17T13:36:27.876", "user": 1, "content_type": 7, "object_id": "11", "object_repr": "(11) Everyday weekly program", "action_flag": 2, "change_message": "[]"}}, {"model": "admin.logentry", "pk": 80, "fields": {"action_time": "2019-11-18T15:03:48.370", "user": 1, "content_type": 10, "object_id": "5", "object_repr": "(5) request:[8] - [1] zona1 @ 2019-10-01 18:53:49.411765", "action_flag": 3, "change_message": ""}}, {"model": "admin.logentry", "pk": 81, "fields": {"action_time": "2019-11-18T15:03:48.376", "user": 1, "content_type": 10, "object_id": "4", "object_repr": "(4) request:[6] - [1] zona1 @ 2019-10-01 18:41:01.764706", "action_flag": 3, "change_message": ""}}, {"model": "admin.logentry", "pk": 82, "fields": {"action_time": "2019-11-18T15:03:48.380", "user": 1, "content_type": 10, "object_id": "3", "object_repr": "(3) request:[5] - [1] zona1 @ 2019-10-01 18:00:00", "action_flag": 3, "change_message": ""}}, {"model": "admin.logentry", "pk": 83, "fields": {"action_time": "2019-11-18T15:03:48.384", "user": 1, "content_type": 10, "object_id": "2", "object_repr": "(2) request:[7] - [1] zona1 @ 2019-10-01 17:15:00", "action_flag": 3, "change_message": ""}}, {"model": "admin.logentry", "pk": 84, "fields": {"action_time": "2019-11-18T15:03:48.388", "user": 1, "content_type": 10, "object_id": "1", "object_repr": "(1) request:[4] - [1] zona1 @ 2019-10-01 17:00:00", "action_flag": 3, "change_message": ""}}, {"model": "admin.logentry", "pk": 85, "fields": {"action_time": "2019-11-18T15:53:47.632", "user": 1, "content_type": 12, "object_id": "1", "object_repr": "(1) zona1", "action_flag": 2, "change_message": "[{\"changed\": {\"fields\": [\"channels\"]}}]"}}, {"model": "admin.logentry", "pk": 86, "fields": {"action_time": "2019-11-18T15:54:32.563", "user": 1, "content_type": 12, "object_id": "1", "object_repr": "(1) zona1", "action_flag": 2, "change_message": "[{\"changed\": {\"fields\": [\"channels\", \"intensity\"]}}]"}}, {"model": "admin.logentry", "pk": 87, "fields": {"action_time": "2019-11-18T15:55:32.130", "user": 1, "content_type": 12, "object_id": "2", "object_repr": "(2) zone2", "action_flag": 2, "change_message": "[{\"changed\": {\"fields\": [\"channels\", \"intensity\"]}}]"}}, {"model": "admin.logentry", "pk": 88, "fields": {"action_time": "2019-11-18T15:55:43.736", "user": 1, "content_type": 12, "object_id": "3", "object_repr": "(3) zone3", "action_flag": 2, "change_message": "[{\"changed\": {\"fields\": [\"channels\", \"intensity\"]}}]"}}, {"model": "admin.logentry", "pk": 89, "fields": {"action_time": "2019-11-18T15:55:51.033", "user": 1, "content_type": 12, "object_id": "3", "object_repr": "(3) zone3", "action_flag": 2, "change_message": "[{\"changed\": {\"fields\": [\"intensity\"]}}]"}}, {"model": "admin.logentry", "pk": 90, "fields": {"action_time": "2019-11-18T15:56:07.471", "user": 1, "content_type": 12, "object_id": "99", "object_repr": "(99) disabled zone", "action_flag": 2, "change_message": "[{\"changed\": {\"fields\": [\"channels\", \"enabled\"]}}]"}}, {"model": "admin.logentry", "pk": 91, "fields": {"action_time": "2019-11-18T16:02:47.738", "user": 1, "content_type": 12, "object_id": "1", "object_repr": "(1) zona1", "action_flag": 2, "change_message": "[{\"changed\": {\"fields\": [\"channels\"]}}]"}}, {"model": "admin.logentry", "pk": 92, "fields": {"action_time": "2019-11-18T16:02:55.304", "user": 1, "content_type": 12, "object_id": "2", "object_repr": "(2) zone2", "action_flag": 2, "change_message": "[{\"changed\": {\"fields\": [\"channels\"]}}]"}}, {"model": "admin.logentry", "pk": 93, "fields": {"action_time": "2019-11-18T16:03:05.584", "user": 1, "content_type": 12, "object_id": "3", "object_repr": "(3) zone3", "action_flag": 2, "change_message": "[{\"changed\": {\"fields\": [\"channels\"]}}]"}}, {"model": "admin.logentry", "pk": 94, "fields": {"action_time": "2019-11-18T16:03:20.523", "user": 1, "content_type": 12, "object_id": "1", "object_repr": "(1) zona1", "action_flag": 2, "change_message": "[{\"changed\": {\"fields\": [\"channels\"]}}]"}}, {"model": "admin.logentry", "pk": 95, "fields": {"action_time": "2019-11-18T16:03:32.282", "user": 1, "content_type": 12, "object_id": "2", "object_repr": "(2) zone2", "action_flag": 2, "change_message": "[{\"changed\": {\"fields\": [\"channels\"]}}]"}}, {"model": "admin.logentry", "pk": 96, "fields": {"action_time": "2019-11-18T16:03:37.192", "user": 1, "content_type": 12, "object_id": "3", "object_repr": "(3) zone3", "action_flag": 2, "change_message": "[{\"changed\": {\"fields\": [\"channels\"]}}]"}}, {"model": "admin.logentry", "pk": 97, "fields": {"action_time": "2019-11-18T16:04:25.989", "user": 1, "content_type": 7, "object_id": "2", "object_repr": "(2) Simple periodic program", "action_flag": 2, "change_message": "[{\"changed\": {\"fields\": [\"zones\"]}}]"}}, {"model": "admin.logentry", "pk": 98, "fields": {"action_time": "2019-11-18T16:04:31.782", "user": 1, "content_type": 7, "object_id": "3", "object_repr": "(3) Simple weekly program", "action_flag": 2, "change_message": "[{\"changed\": {\"fields\": [\"zones\"]}}]"}}, {"model": "admin.logentry", "pk": 99, "fields": {"action_time": "2019-11-18T16:05:00.297", "user": 1, "content_type": 13, "object_id": "20", "object_repr": "(20) channel:[4] command: c @ 2019-10-01 19:19:23", "action_flag": 3, "change_message": ""}}, {"model": "admin.logentry", "pk": 100, "fields": {"action_time": "2019-11-18T16:05:00.303", "user": 1, "content_type": 13, "object_id": "19", "object_repr": "(19) channel:[4] command: o @ 2019-10-01 18:53:48", "action_flag": 3, "change_message": ""}}, {"model": "admin.logentry", "pk": 101, "fields": {"action_time": "2019-11-18T16:05:00.307", "user": 1, "content_type": 13, "object_id": "18", "object_repr": "(18) channel:[1] command: c @ 2019-10-01 19:19:23", "action_flag": 3, "change_message": ""}}, {"model": "admin.logentry", "pk": 102, "fields": {"action_time": "2019-11-18T16:05:00.312", "user": 1, "content_type": 13, "object_id": "17", "object_repr": "(17) channel:[1] command: o @ 2019-10-01 18:53:48", "action_flag": 3, "change_message": ""}}, {"model": "admin.logentry", "pk": 103, "fields": {"action_time": "2019-11-18T16:05:00.315", "user": 1, "content_type": 13, "object_id": "16", "object_repr": "(16) channel:[4] command: c @ 2019-10-01 18:53:48", "action_flag": 3, "change_message": ""}}, {"model": "admin.logentry", "pk": 104, "fields": {"action_time": "2019-11-18T16:05:00.319", "user": 1, "content_type": 13, "object_id": "15", "object_repr": "(15) channel:[4] command: o @ 2019-10-01 18:41:01", "action_flag": 3, "change_message": ""}}, {"model": "admin.logentry", "pk": 105, "fields": {"action_time": "2019-11-18T16:05:00.323", "user": 1, "content_type": 13, "object_id": "14", "object_repr": "(14) channel:[1] command: c @ 2019-10-01 18:53:48", "action_flag": 3, "change_message": ""}}, {"model": "admin.logentry", "pk": 106, "fields": {"action_time": "2019-11-18T16:05:00.327", "user": 1, "content_type": 13, "object_id": "13", "object_repr": "(13) channel:[1] command: o @ 2019-10-01 18:41:01", "action_flag": 3, "change_message": ""}}, {"model": "admin.logentry", "pk": 107, "fields": {"action_time": "2019-11-18T16:05:00.331", "user": 1, "content_type": 13, "object_id": "12", "object_repr": "(12) channel:[4] command: c @ 2019-10-01 18:41:01", "action_flag": 3, "change_message": ""}}, {"model": "admin.logentry", "pk": 108, "fields": {"action_time": "2019-11-18T16:05:00.335", "user": 1, "content_type": 13, "object_id": "11", "object_repr": "(11) channel:[4] command: o @ 2019-10-01 18:00:00", "action_flag": 3, "change_message": ""}}, {"model": "admin.logentry", "pk": 109, "fields": {"action_time": "2019-11-18T16:05:00.338", "user": 1, "content_type": 13, "object_id": "10", "object_repr": "(10) channel:[1] command: c @ 2019-10-01 18:41:01", "action_flag": 3, "change_message": ""}}, {"model": "admin.logentry", "pk": 110, "fields": {"action_time": "2019-11-18T16:05:00.342", "user": 1, "content_type": 13, "object_id": "9", "object_repr": "(9) channel:[1] command: o @ 2019-10-01 18:00:00", "action_flag": 3, "change_message": ""}}, {"model": "admin.logentry", "pk": 111, "fields": {"action_time": "2019-11-18T16:05:00.346", "user": 1, "content_type": 13, "object_id": "8", "object_repr": "(8) channel:[4] command: c @ 2019-10-01 17:40:35", "action_flag": 3, "change_message": ""}}, {"model": "admin.logentry", "pk": 112, "fields": {"action_time": "2019-11-18T16:05:00.350", "user": 1, "content_type": 13, "object_id": "7", "object_repr": "(7) channel:[4] command: o @ 2019-10-01 17:15:00", "action_flag": 3, "change_message": ""}}, {"model": "admin.logentry", "pk": 113, "fields": {"action_time": "2019-11-18T16:05:00.354", "user": 1, "content_type": 13, "object_id": "6", "object_repr": "(6) channel:[1] command: c @ 2019-10-01 17:40:35", "action_flag": 3, "change_message": ""}}, {"model": "admin.logentry", "pk": 114, "fields": {"action_time": "2019-11-18T16:05:00.359", "user": 1, "content_type": 13, "object_id": "5", "object_repr": "(5) channel:[1] command: o @ 2019-10-01 17:15:00", "action_flag": 3, "change_message": ""}}, {"model": "admin.logentry", "pk": 115, "fields": {"action_time": "2019-11-18T16:05:00.363", "user": 1, "content_type": 13, "object_id": "4", "object_repr": "(4) channel:[4] command: c @ 2019-10-01 17:15:00", "action_flag": 3, "change_message": ""}}, {"model": "admin.logentry", "pk": 116, "fields": {"action_time": "2019-11-18T16:05:00.367", "user": 1, "content_type": 13, "object_id": "3", "object_repr": "(3) channel:[4] command: o @ 2019-10-01 17:00:00", "action_flag": 3, "change_message": ""}}, {"model": "admin.logentry", "pk": 117, "fields": {"action_time": "2019-11-18T16:05:00.372", "user": 1, "content_type": 13, "object_id": "2", "object_repr": "(2) channel:[1] command: c @ 2019-10-01 17:15:00", "action_flag": 3, "change_message": ""}}, {"model": "admin.logentry", "pk": 118, "fields": {"action_time": "2019-11-18T16:05:00.376", "user": 1, "content_type": 13, "object_id": "1", "object_repr": "(1) channel:[1] command: o @ 2019-10-01 17:00:00", "action_flag": 3, "change_message": ""}}, {"model": "admin.logentry", "pk": 119, "fields": {"action_time": "2019-11-19T16:48:47.959", "user": 1, "content_type": 13, "object_id": "30", "object_repr": "(30) sched: 15 channel: 2 command: c @ 2019-10-01 19:19:23", "action_flag": 3, "change_message": ""}}, {"model": "admin.logentry", "pk": 120, "fields": {"action_time": "2019-11-19T16:48:47.964", "user": 1, "content_type": 13, "object_id": "29", "object_repr": "(29) sched: 15 channel: 2 command: o @ 2019-10-01 18:53:48", "action_flag": 3, "change_message": ""}}, {"model": "admin.logentry", "pk": 121, "fields": {"action_time": "2019-11-19T16:48:47.968", "user": 1, "content_type": 13, "object_id": "28", "object_repr": "(28) sched: 14 channel: 2 command: c @ 2019-10-01 18:53:48", "action_flag": 3, "change_message": ""}}, {"model": "admin.logentry", "pk": 122, "fields": {"action_time": "2019-11-19T16:48:47.972", "user": 1, "content_type": 13, "object_id": "27", "object_repr": "(27) sched: 14 channel: 2 command: o @ 2019-10-01 18:41:01", "action_flag": 3, "change_message": ""}}, {"model": "admin.logentry", "pk": 123, "fields": {"action_time": "2019-11-19T16:48:47.977", "user": 1, "content_type": 13, "object_id": "26", "object_repr": "(26) sched: 13 channel: 2 command: c @ 2019-10-01 18:41:01", "action_flag": 3, "change_message": ""}}, {"model": "admin.logentry", "pk": 124, "fields": {"action_time": "2019-11-19T16:48:47.981", "user": 1, "content_type": 13, "object_id": "25", "object_repr": "(25) sched: 13 channel: 2 command: o @ 2019-10-01 18:00:00", "action_flag": 3, "change_message": ""}}, {"model": "admin.logentry", "pk": 125, "fields": {"action_time": "2019-11-19T16:48:47.985", "user": 1, "content_type": 13, "object_id": "24", "object_repr": "(24) sched: 12 channel: 2 command: c @ 2019-10-01 17:40:35", "action_flag": 3, "change_message": ""}}, {"model": "admin.logentry", "pk": 126, "fields": {"action_time": "2019-11-19T16:48:47.989", "user": 1, "content_type": 13, "object_id": "23", "object_repr": "(23) sched: 12 channel: 2 command: o @ 2019-10-01 17:15:00", "action_flag": 3, "change_message": ""}}, {"model": "admin.logentry", "pk": 127, "fields": {"action_time": "2019-11-19T16:48:47.993", "user": 1, "content_type": 13, "object_id": "22", "object_repr": "(22) sched: 11 channel: 2 command: c @ 2019-10-01 17:15:00", "action_flag": 3, "change_message": ""}}, {"model": "admin.logentry", "pk": 128, "fields": {"action_time": "2019-11-19T16:48:47.998", "user": 1, "content_type": 13, "object_id": "21", "object_repr": "(21) sched: 11 channel: 2 command: o @ 2019-10-01 17:00:00", "action_flag": 3, "change_message": ""}}, {"model": "admin.logentry", "pk": 129, "fields": {"action_time": "2019-11-19T17:14:16.341", "user": 1, "content_type": 11, "object_id": "4", "object_repr": "(4) [1] Simple run-once program - [2] zone2 @ 2019-10-01 17:00:00", "action_flag": 2, "change_message": "[{\"changed\": {\"fields\": [\"zone\"]}}]"}}, {"model": "admin.logentry", "pk": 130, "fields": {"action_time": "2019-11-19T17:15:29.279", "user": 1, "content_type": 11, "object_id": "8", "object_repr": "(8) [102] Program with a very very very very very very very very very very very very very very very very very very very very very very very very long name - [1] zona1 @ 2019-10-01 18:00:00", "action_flag": 3, "change_message": ""}}, {"model": "admin.logentry", "pk": 131, "fields": {"action_time": "2019-11-19T17:15:29.286", "user": 1, "content_type": 11, "object_id": "7", "object_repr": "(7) [101] Unicode description - [1] zona1 @ 2019-10-01 17:00:00", "action_flag": 3, "change_message": ""}}, {"model": "admin.logentry", "pk": 132, "fields": {"action_time": "2019-11-19T17:15:29.290", "user": 1, "content_type": 11, "object_id": "6", "object_repr": "(6) [11] Everyday weekly program - [1] zona1 @ 2019-10-01 18:00:00", "action_flag": 3, "change_message": ""}}, {"model": "admin.logentry", "pk": 133, "fields": {"action_time": "2019-11-19T17:15:29.294", "user": 1, "content_type": 11, "object_id": "5", "object_repr": "(5) [2] Simple periodic program - [1] zona1 @ 2019-10-01 18:00:00", "action_flag": 3, "change_message": ""}}, {"model": "admin.logentry", "pk": 134, "fields": {"action_time": "2019-11-19T17:15:29.298", "user": 1, "content_type": 11, "object_id": "4", "object_repr": "(4) [1] Simple run-once program - [2] zone2 @ 2019-10-01 17:00:00", "action_flag": 3, "change_message": ""}}, {"model": "admin.logentry", "pk": 135, "fields": {"action_time": "2019-11-19T17:20:27.611", "user": 1, "content_type": 7, "object_id": "2", "object_repr": "(2) Simple periodic program", "action_flag": 2, "change_message": "[{\"changed\": {\"fields\": [\"zones\"]}}]"}}, {"model": "admin.logentry", "pk": 136, "fields": {"action_time": "2019-11-19T17:43:28.351", "user": 1, "content_type": 17, "object_id": "1", "object_repr": "Log object (1)", "action_flag": 1, "change_message": "[{\"added\": {}}]"}}, {"model": "admin.logentry", "pk": 137, "fields": {"action_time": "2019-11-19T18:21:23.127", "user": 1, "content_type": 15, "object_id": "1", "object_repr": "(1) @ 2019-11-19 18:21:13 - 0.560", "action_flag": 1, "change_message": "[{\"added\": {}}]"}}]